Author;Titel;path-extension;file-name;@image
Claudio Galamini;Test;Assets/img/ukw/;624935116_18379666192158376_6713145485691232686_n.jpg;Assets/img/ukw/624935116_18379666192158376_6713145485691232686_n.jpg
Leo;Plärrer;Assets/img/ukw/;622198349_18404083603192824_6725578781498754281_n.jpg;Assets/img/ukw/622198349_18404083603192824_6725578781498754281_n.jpg
;;Assets/img/ukw/;622523580_18395037844179993_5712003023893748074_n.jpg;Assets/img/ukw/622523580_18395037844179993_5712003023893748074_n.jpg
;;Assets/img/ukw/;622604547_18327326227175259_7542621211172279545_n.jpg;Assets/img/ukw/622604547_18327326227175259_7542621211172279545_n.jpg
;;Assets/img/ukw/;622650228_18402280687131460_6422146421243947905_n.jpg;Assets/img/ukw/622650228_18402280687131460_6422146421243947905_n.jpg
;;Assets/img/ukw/;623073190_18421841476189322_2386341770571744415_n.jpg;Assets/img/ukw/623073190_18421841476189322_2386341770571744415_n.jpg
;;Assets/img/ukw/;623705940_18399859072134608_824143868718659300_n.jpg;Assets/img/ukw/623705940_18399859072134608_824143868718659300_n.jpg
;;Assets/img/ukw/;624072200_18400021597133728_1708374758973361194_n.jpg;Assets/img/ukw/624072200_18400021597133728_1708374758973361194_n.jpg
;;Assets/img/ukw/;624160689_18403105939135452_3737580633235333358_n.jpg;Assets/img/ukw/624160689_18403105939135452_3737580633235333358_n.jpg
;;Assets/img/ukw/;624278223_18416988202191940_4054492212903679881_n.jpg;Assets/img/ukw/624278223_18416988202191940_4054492212903679881_n.jpg
;;Assets/img/ukw/;624445053_18359728402160867_2901526504364910852_n.jpg;Assets/img/ukw/624445053_18359728402160867_2901526504364910852_n.jpg
;;Assets/img/ukw/;624733877_18389534146148449_1521276457878049669_n.jpg;Assets/img/ukw/624733877_18389534146148449_1521276457878049669_n.jpg
;;Assets/img/ukw/;624860930_18384968242159217_7155920129892976195_n.jpg;Assets/img/ukw/624860930_18384968242159217_7155920129892976195_n.jpg
;;Assets/img/ukw/;624992066_18388091365147990_716445746193139023_n.jpg;Assets/img/ukw/624992066_18388091365147990_716445746193139023_n.jpg
;;Assets/img/ukw/;625014930_18391404004181467_5975788574036837879_n.jpg;Assets/img/ukw/625014930_18391404004181467_5975788574036837879_n.jpg
;;Assets/img/ukw/;625102349_18401158837131408_2342391848803918769_n.jpg;Assets/img/ukw/625102349_18401158837131408_2342391848803918769_n.jpg
;;Assets/img/ukw/;625212519_18402015256134532_6752169833430100707_n.jpg;Assets/img/ukw/625212519_18402015256134532_6752169833430100707_n.jpg
;;Assets/img/ukw/;625858074_18406052392127779_7396569113323927993_n.jpg;Assets/img/ukw/625858074_18406052392127779_7396569113323927993_n.jpg
;;Assets/img/ukw/;625874238_18376337332090191_3693183030160514056_n.jpg;Assets/img/ukw/625874238_18376337332090191_3693183030160514056_n.jpg
;;Assets/img/ukw/;625882981_18535608526070581_2677417462459754165_n.jpg;Assets/img/ukw/625882981_18535608526070581_2677417462459754165_n.jpg
;;Assets/img/ukw/;626003516_18419754259143439_4203554474740839262_n.jpg;Assets/img/ukw/626003516_18419754259143439_4203554474740839262_n.jpg
;;Assets/img/ukw/;626051878_18380651743156397_6831842391598406062_n.jpg;Assets/img/ukw/626051878_18380651743156397_6831842391598406062_n.jpg
;;Assets/img/ukw/;626462568_18390841144151964_5686236562173343906_n.jpg;Assets/img/ukw/626462568_18390841144151964_5686236562173343906_n.jpg
;;Assets/img/ukw/;626496545_18380498683082288_3715989113715188657_n.jpg;Assets/img/ukw/626496545_18380498683082288_3715989113715188657_n.jpg
;;Assets/img/ukw/;626707092_18506923597073137_2316695956000592626_n.jpg;Assets/img/ukw/626707092_18506923597073137_2316695956000592626_n.jpg
;;Assets/img/ukw/;626775228_18374137165093163_984836987161428798_n.jpg;Assets/img/ukw/626775228_18374137165093163_984836987161428798_n.jpg
;;Assets/img/ukw/;626911626_18406782061122842_435332180124998951_n.jpg;Assets/img/ukw/626911626_18406782061122842_435332180124998951_n.jpg
;;Assets/img/ukw/;627516230_18378153976086750_6471225605312377403_n.jpg;Assets/img/ukw/627516230_18378153976086750_6471225605312377403_n.jpg
;;Assets/img/ukw/;627552074_18434747650112081_937046961601652509_n.jpg;Assets/img/ukw/627552074_18434747650112081_937046961601652509_n.jpg
;;Assets/img/ukw/;627626502_18431474005113110_3624776158766120578_n.jpg;Assets/img/ukw/627626502_18431474005113110_3624776158766120578_n.jpg
;;Assets/img/ukw/;627680596_18375588685095930_1408720038740189151_n.jpg;Assets/img/ukw/627680596_18375588685095930_1408720038740189151_n.jpg
;;Assets/img/ukw/;628399686_18405521473125415_7452179894709950931_n.jpg;Assets/img/ukw/628399686_18405521473125415_7452179894709950931_n.jpg
;;Assets/img/ukw/;628407161_18373891585088357_4632542219531961703_n.jpg;Assets/img/ukw/628407161_18373891585088357_4632542219531961703_n.jpg
;;Assets/img/ukw/;628505931_18555536557053860_5812370397841087627_n.jpg;Assets/img/ukw/628505931_18555536557053860_5812370397841087627_n.jpg
;;Assets/img/ukw/;628724013_18561837862004967_7391027634254001778_n.jpg;Assets/img/ukw/628724013_18561837862004967_7391027634254001778_n.jpg
;;Assets/img/ukw/;629422017_18509961001073036_1161853092695773205_n.jpg;Assets/img/ukw/629422017_18509961001073036_1161853092695773205_n.jpg
;;Assets/img/ukw/;629476596_18378406225085347_2357289393918751127_n.jpg;Assets/img/ukw/629476596_18378406225085347_2357289393918751127_n.jpg
;;Assets/img/ukw/;630057582_18527746753070629_786787631831258643_n.jpg;Assets/img/ukw/630057582_18527746753070629_786787631831258643_n.jpg
;;Assets/img/ukw/;630145274_18524679595069839_3854502583633905588_n.jpg;Assets/img/ukw/630145274_18524679595069839_3854502583633905588_n.jpg
;;Assets/img/ukw/;632584687_18560844397044365_1831575938474461346_n.jpg;Assets/img/ukw/632584687_18560844397044365_1831575938474461346_n.jpg
;;Assets/img/ukw/;633945065_18565824025004997_2503394738261484186_n.jpg;Assets/img/ukw/633945065_18565824025004997_2503394738261484186_n.jpg
;;Assets/img/ukw/;637693846_18564729028059918_1058568668548809414_n.jpg;Assets/img/ukw/637693846_18564729028059918_1058568668548809414_n.jpg
;;Assets/img/ukw/;639766297_18562735918005818_1446973960336833846_n.jpg;Assets/img/ukw/639766297_18562735918005818_1446973960336833846_n.jpg
;;Assets/img/ukw/;639779713_18562051024031881_9086283362011652661_n.jpg;Assets/img/ukw/639779713_18562051024031881_9086283362011652661_n.jpg
;;Assets/img/ukw/;639790395_18565368937046448_1522014941915495590_n.jpg;Assets/img/ukw/639790395_18565368937046448_1522014941915495590_n.jpg
;;Assets/img/ukw/;639815287_18570848314014001_2887244860716910665_n.jpg;Assets/img/ukw/639815287_18570848314014001_2887244860716910665_n.jpg
;;Assets/img/ukw/;639857559_18565247890052254_4524091771327466744_n.jpg;Assets/img/ukw/639857559_18565247890052254_4524091771327466744_n.jpg
;;Assets/img/ukw/;639969649_18561683542002623_8676255754201096455_n.jpg;Assets/img/ukw/639969649_18561683542002623_8676255754201096455_n.jpg
;;Assets/img/ukw/;641245414_18563111005011633_7817340576990054065_n.jpg;Assets/img/ukw/641245414_18563111005011633_7817340576990054065_n.jpg